Name,Smiles,Activity,Reference
Acetone,CC(=O)C,n,"Hooper et al., 1973"
Allythiourea,C=CCNC(=S)N,p,"Hooper et al., 1973"
Aminoethanol,C(CO)N,n,"Hooper et al., 1973"
Aminoguanidine,C(=NN)(N)N,p,"Hooper et al., 1973"
3-Aminotriazole,C1=NNC(=N1)N,p,"Hooper et al., 1973"
L-Arginine,C(CC(C(=O)O)N)CN=C(N)N,p,"Clark et al., 1967"
N-Butanol,CCCCO,n,"Hooper et al., 1973"
2-Chloro-6-trichloro-methyl-pyridine,ClC1=CC=CC(=N1)C(Cl)(Cl)Cl,p,"Hooper et al., 1973"
Dichlorophenolinde-phenol,C1=CC(=O)C=CC1=NC2=CC(=C(C(=C2)Cl)O)Cl,n,"Hooper et al., 1973"
Dicyclohexylcarbo-diimide,C1CCC(CC1)N=C=NC2CCCCC2,p,"Hooper et al., 1973"
Diethyldithiocarbamate,CCN(CC)C(=S)[S-],p,"Hooper et al., 1973"
"2,4-Dinitrophenol",C1=CC(=C(C=C1[N+](=O)[O-])[N+](=O)[O-])O,n,"Hooper et al., 1973"
Diphenylthiocarbazone,C1=CC=C(C=C1)NNC(=S)N=NC2=CC=CC=C2,p,"Hooper et al., 1973"
Dipyridyl,C1=CC=NC(=C1)C2=CC=CC=N2,p,"Hooper et al., 1973"
Ethanol,CCO,n,"Hooper et al., 1973"
Ethyl acetate,CCOC(=O)C,n,"Hooper et al., 1973"
Ethyl xanthate,CCOC(=S)S,p,"Hooper et al., 1973"
L-Histidine,C1=C(NC=N1)CC(C(=O)O)N,p,"Clark et al., 1967"
L-Lysine,C(CCN)CC(C(=O)O)N,p,"Clark et al., 1967"
L-Methionine,CSCCC(C(=O)O)N,p,"Clark et al., 1967"
Nitrourea,C(=O)(N)N[N+](=O)[O-],n,"Lees et al., 1957"
o-Phenanthroline,C1=CC2=C(C3=C(C=CC=N3)C=C2)N=C1,p,"Hooper et al., 1973"
Phenazine methosulfate,C[N+]1=C2C=CC=CC2=NC3=CC=CC=C31.COS(=O)(=O)[O-],p,"Hooper et al., 1973"
N-Propanol,CCCO,n,"Hooper et al., 1973"
Quinacrine,CCN(CC)CCCC(C)NC1=C2C=C(C=CC2=NC3=C1C=CC(=C3)Cl)OC,n,"Zavarzin et al., 1958"
Tetramethylammonium chloride,C[N+](C)(C)C.[Cl-],n,"Lees et al., 1946"
Thiosemicarbazide,C(=S)(N)NN,p,"Hooper et al., 1973"
L-Threonine,CC(C(C(=O)O)N)O,p,"Clark et al., 1967"
Trimethylamine,CN(C)C,n,"Lees et al., 1946"
L-Valine,CC(C)C(C(=O)O)N,p,"Clark et al., 1967"
Allyl alcohol,C=CCO,p,"Tomlinson et al., 1966"
Allyl chloride,C=CCCl,n,"Tomlinson et al., 1966"
Allyl isothiocyanate,C=CCN=C=S,p,"Tomlinson et al., 1966"
Benzothiazole disulfide,C1=CC=C2C(=C1)N=C(S2)SSC3=NC4=CC=CC=C4S3,p,"Tomlinson et al., 1966"
Carbon disulfide,C(=S)=S,p,"Tomlinson et al., 1966"
Chloroform,C(Cl)(Cl)Cl,p,"Tomlinson et al., 1966"
o-Cresol,CC1=CC=CC=C1O,p,"Tomlinson et al., 1966"
Di-allyl ether,C=CCOCC=C,n,"Tomlinson et al., 1966"
Dicyandiamide,C(#N)N=C(N)N,n,"Tomlinson et al., 1966"
Diguanide,C(=NC(=N)N)(N)N,p,"Tomlinson et al., 1966"
Dithio-oxamide,C(=S)(C(=S)N)N,p,"Tomlinson et al., 1966"
Guanidine carbonate,C(=N)(N)N.C(=N)(N)N.C(=O)(O)O,p,"Tomlinson et al., 1966"
8-Hydroxyquinoline,C1=CC2=C(C(=C1)O)N=CC=C2,n,"Tomlinson et al., 1966"
Mercaptobenzothiazole,C1=CC=C2C(=C1)NC(=S)S2,p,"Tomlinson et al., 1966"
Methyl isothiocyanate,CN=C=S,p,"Tomlinson et al., 1966"
Methyl thiuronium sulfate,CSC(=N)N,p,"Tomlinson et al., 1966"
Phenol,C1=CC=C(C=C1)O,p,"Tomlinson et al., 1966"
Potassium thiocyanate,C(#N)[S-],p,"Tomlinson et al., 1966"
Skatol,CC1=CNC2=CC=CC=C12,p,"Tomlinson et al., 1966"
Sodium dimethyl dithiocarbamate,CN(C)C(=S)[S-],p,"Tomlinson et al., 1966"
Sodium methyl dithiocarbamate,CNC(=S)[S-],p,"Tomlinson et al., 1966"
Tetramethyl thiuram disulfide,CN(C)C(=S)SSC(=S)N(C)C,p,"Tomlinson et al., 1966"
Thioacetamide,CC(=S)N,p,"Tomlinson et al., 1966"
Thiourea,C(=S)(N)N,p,"Tomlinson et al., 1966"
Dodecylamine,CCCCCCCCCCCCN,n,"Hockenbury et al., 1977"
Aniline,C1=CC=C(C=C1)N,p,"Hockenbury et al., 1977"
n-Methylaniline,CNC1=CC=CC=C1,p,"Hockenbury et al., 1977"
1-Naphthylamine,C1=CC=C2C(=C1)C=CC=C2N,p,"Hockenbury et al., 1977"
Ethylenediamine,C(CN)N,p,"Hockenbury et al., 1977"
Napthylethylenediamine,C1=CC=C2C(=C1)C=CC=C2NCCN,p,"Hockenbury et al., 1977"
p-Nitroaniline,C1=CC(=CC=C1N)[N+](=O)[O-],p,"Hockenbury et al., 1977"
p-Aminopropiophenone,CCC(=O)C1=CC=C(C=C1)N,p,"Hockenbury et al., 1977"
Benzidine diHCl,C1=CC(=CC=C1C2=CC=C(C=C2)N)N,p,"Hockenbury et al., 1977"
p-Phenylazoaniline,C1=CC=C(C=C1)N=NC2=CC=C(C=C2)N,n,"Hockenbury et al., 1977"
Hezamethylene diamine,C(CCCN)CCN,n,"Hockenbury et al., 1977"
p-Nitrobenzaldehyde,C1=CC(=CC=C1C=O)[N+](=O)[O-],n,"Hockenbury et al., 1977"
Triethylamine,CCN(CC)CC,n,"Hockenbury et al., 1977"
Ninhydrin,C1=CC=C2C(=C1)C(=O)C(C2=O)(O)O,n,"Hockenbury et al., 1977"
Benzocaine,CCOC(=O)C1=CC=C(C=C1)N,n,"Hockenbury et al., 1977"
Dimethylgloxime,CC(=NO)C(=NO)C,n,"Hockenbury et al., 1977"
Benzylamine,C1=CC=C(C=C1)CN,n,"Hockenbury et al., 1977"
Acetamide,CC(=O)N,n,"Hockenbury et al., 1977"
Acetonitrile,CC#N,n,"Hockenbury et al., 1977"
Acrylonitrile,C=CC#N,n,"Hockenbury et al., 1977"
p-Aminobenzoic acid,C1=CC(=CC=C1C(=O)O)N,n,"Hockenbury et al., 1977"
"2-Amino-3,5-diiodobenzoic acid",C1=C(C=C(C(=C1C(=O)O)N)I)I,p,"Hockenbury et al., 1977"
1-Amino-2-naphthol-4-sulfonic acid,C1=CC=C2C(=C1)C(=CC(=C2N)O)S(=O)(=O)O,n,"Hockenbury et al., 1977"
Anthranilic acid,C1=CC=C(C(=C1)C(=O)O)N,n,"Hockenbury et al., 1977"
Azobenzene,C1=CC=C(C=C1)N=NC2=CC=CC=C2,n,"Hockenbury et al., 1977"
Brucine,COC1=C(C=C2C(=C1)C34CCN5C3CC6C7C4N2C(=O)CC7OCC=C6C5)OC,n,"Hockenbury et al., 1977"
sec-Butylamine,CCC(C)N,n,"Hockenbury et al., 1977"
Chlorobenzene,C1=CC=C(C=C1)Cl,n,"Hockenbury et al., 1977"
1-Chloro-4-nitrobenzene,C1=CC(=CC=C1[N+](=O)[O-])Cl,n,"Hockenbury et al., 1977"
Citric acid,C(C(=O)O)C(CC(=O)O)(C(=O)O)O,n,"Hockenbury et al., 1977"
Diethanolamine,C(CO)NCCO,n,"Hockenbury et al., 1977"
Diethylamine,CCNCC,n,"Hockenbury et al., 1977"
Dimethylamine hydrochloride,CNC,n,"Hockenbury et al., 1977"
Dimethylaminoazobenzene,CN(C)C1=CC=C(C=C1)N=NC2=CC=CC=C2,n,"Hockenbury et al., 1977"
Diphenylamine,C1=CC=C(C=C1)NC2=CC=CC=C2,n,"Hockenbury et al., 1977"
p-Diphenylamine-sulfuric acid,OS(O)(=O)=O,n,"Hockenbury et al., 1977"
Diphenylcarbazone,C1=CC=C(C=C1)NNC(=O)N=NC2=CC=CC=C2,n,"Hockenbury et al., 1977"
"1,5-Diphenylcarbohydrazide",C1=CC=C(C=C1)NNC(=O)NNC2=CC=CC=C2,n,"Hockenbury et al., 1977"
Hezamethylenetetramine,C1N2CN3CN1CN(C2)C3,n,"Hockenbury et al., 1977"
Melamine,C1(=NC(=NC(=N1)N)N)N,n,"Hockenbury et al., 1977"
Propylamine,CCCN,n,"Hockenbury et al., 1977"
Rhodamine B,CCN(CC)C1=CC2=C(C=C1)C(=C3C=CC(=[N+](CC)CC)C=C3O2)C4=CC=CC=C4C(=O)O,n,"Hockenbury et al., 1977"
Sodium citrate,C(C(=O)[O-])C(CC(=O)[O-])(C(=O)[O-])O,n,"Hockenbury et al., 1977"
Stearic acid,CCCCCCCCCCCCCCCCCC(=O)O,n,"Hockenbury et al., 1977"
Sulfamic acid,NS(=O)(=O)O,n,"Hockenbury et al., 1977"
Sulfanilamide,C1=CC(=CC=C1N)S(=O)(=O)N,n,"Hockenbury et al., 1977"
Tributylamine,CCCCN(CCCC)CCCC,n,"Hockenbury et al., 1977"
Triethanolamine,C(CO)N(CCO)CCO,n,"Hockenbury et al., 1977"
"DMPP (3, 4-Dimethylpyrazol-phosphate)",CC1=NNC=C1C,p,"Prasad and Power, 1995 "
AM (2-amino-4-chloro-6-methylpyrimidine ,CC1=CC(=NC(=N1)N)Cl,p,"Ranney, 1978"
"ATC (4-amino-1,2,4,-triazole hydrochloride) ",C1=NN=CN1N,p,"Guthrie and Bomke, 1980 "
"MT (3 mercapto-1,2,4-triazole)",C1=NC(=S)NN1,p,"Subbarao et al., 2005"
MAST (2-amino-4-methyl-6-trichloromethyltriazine) ,CC1=NC(=NC(=N1)N)C(Cl)(Cl)Cl,p,"Subbarao et al., 2005"
ST (2-sulfanilamidothiazole) ,CC1=CSC(=N1)NS(=O)(=O)C2=CC=C(C=C2)N,p,"Mitsui Toatsu, 1968"
"DCS (N-2,5,-dichlorophenyl succinamide)",C1CC(=O)N(C1=O)C2=CC(=CC(=C2)Cl)Cl,p,"Mosier et al., 1996"
MPC (3-methyl-pyrazole-1-carboxamide),CCCN1C(=CC(=N1)C(=O)N)C,p,"McCarty and Bremner, 1989 "
CP (2-cyanimino-4-hydroxy-6-methylpyrimidine) ,CC1=CC(=O)NC(=N1)NC#N,p,"Subbarao et al., 2005"
ATS (Ammonium thiosulfate) ,[O-]S([O-])(=O)=S,p,"Goos, 1985 "
Dwell (etridiazole),CCOC1=NC(=NS1)C(Cl)(Cl)Cl,p,"Varsa et al., 1981 "
Sodium thiocarbonate,C(=O)([O-])[S-],p,"Hauck, 1980 "
ZPTA (Thiophosphoryl triamide),NP(=S)(N)N,p,"Radel et al., 1992"
Isothiocyanates,N=C=S,p,"Slangen and Kerkhoff, 1984 "
Potassium azide,[N-]=[N+]=[N-],p,"Hughes and Welch, 1970 "
Sodium thiocarbamate,C(=S)(N)[O-],p,"Hauck, 1980 "
s-ethyl dipropylthiocarbamate ,CCCN(CCC)C(=O)SCC,p,"Hauck, 1980 "
Ethylene-bis-dithiocarbamate,C(CNC(=S)[S-])NC(=S)[S-],p,"Hauck, 1980 "
Sodium diethylthiocarbamate ,CCN(CC)C(=S)[O-],p,"Bundy and Bremner, 1973"
Phenyl mercuric acetate ,CC(=O)O[Hg]C1=CC=CC=C1,p,"Subbarao et al., 2005"
2-ethynylpyridine ,C#CC1=CC=CC=N1,p,"McCarty and Bremner, 1986 "
3-Methylpyrazole-1-carboxamide ,CC1=NN(C=C1)C(=O)N,p,"Subbarao et al., 2005"
Phenylacetylene ,C#CC1=CC=CC=C1,p,"McCarty and Bremner, 1986 "
Propyne ,CC#C,p,"McCarty and Bremner, 1986 "
1-Butyne ,CCC#C,p,"McCarty and Bremner, 1986 "
3-Butyne-2 ,CC(C#C)O,p,"McCarty and Bremner, 1986 "
3-chloro-acetanilide ,CC(=O)NC1=CC(=CC=C1)Cl,p,"Subbarao et al., 2005"
"2,5-dichloro-aniline ",C1=CC(=C(C=C1Cl)N)Cl,p,"Bundy and Bremner, 1973 "
o-nitrophenol ,C1=CC=C(C(=C1)[N+](=O)[O-])O,p,"Topalova et al., 1995 "
m-nitroaniline,C1=CC(=CC(=C1)[N+](=O)[O-])N,p,"Hoeflich, 1968"
o-nitroaniline,C1=CC=C(C(=C1)N)[N+](=O)[O-],p,"Hermann et al., 1967 "
Benzotriazole,C1=CC2=NNN=C2C=C1,p,"McCarty and Bremner, 1989 "
Pyrazole,C1=CNN=C1,p,"McCarty, 1999 "
"1,2,4-Triazole",C1=NC=NN1,p,"McCarty, 1999 "
Pyridazine,C1=CC=NN=C1,p,"McCarty, 1999 "
Indazole,C1=CC=C2C(=C1)C=NN2,p,"McCarty, 1999 "
Carbon monoxide,[C-]#[O+],p,"Bremner and Bundy, 1974"
Dimethyl ether,COC,p,"Bremner and McCarty, 1993"
Cyclohexane,C1CCCCC1,p,"Conrad, 1989"
Methyl sulfide,CSC,p,"Dacey and Klug, 1979"
Ethyl sulfide,CCSCC,p,"Dacey and Klug, 1979"
Tetrahydrothiophene,C1CCSC1,p,"Dacey and Klug, 1979"
Thiophene,C1=CSC=C1,p,"Dacey and Klug, 1979"
Methylphenylsulfide,CSC1=CC=CC=C1,p,"Dacey and Klug, 1979"
Allylmethyl sufide,CSCC=C,p,"Dacey and Klug, 1979"
Allysulfide,C=CCSCC=C,p,"Dacey and Klug, 1979"
Bromoethane,CCBr,p,"Dalvi et al., 1974"
Fluoroethane,CCF,p,"Drozd, 1980"
Dichloromethane,C(Cl)Cl,p,"Drozd, 1980"
Chloroethane,CCCl,p,"Dalvi et al., 1974"
"1,1-Dichloroethane",CC(Cl)Cl,p,"Drozd, 1980"
"1,2-Dichloroethane",C(CCl)Cl,p,"Drozd, 1980"
"1,1,1-Trichloroethane",CC(Cl)(Cl)Cl,p,"Drozd, 1980"
"1,1,2-Trichloroethane",C(C(Cl)Cl)Cl,p,"Drozd, 1980"
"1,1,1,2-Tetrachloroethane",C(C(Cl)(Cl)Cl)Cl,p,"Drozd, 1980"
Chloropropane,CCCCl,p,"Dalvi et al., 1974"
"1,2-Dichloropropane",CC(CCl)Cl,p,"Dalvi et al., 1974"
Chlorobutane,CCCCCl,p,"Dalvi et al., 1974"
Chloroethylene,C=CCl,p,"Drozd, 1980"
Trichloroethylene,C(=C(Cl)Cl)Cl,p,"Dunfield and Knowles, 1995"
Benzene,C1=CC=CC=C1,p,"Ensign et al., 1993"
Toluene,CC1=CC=CC=C1,p,"Ensign et al., 1993"
Ethylbenzene,CCC1=CC=CC=C1,p,"Ensign et al., 1993"
p-Xylene,CC1=CC=C(C=C1)C,p,"Ensign et al., 1993"
Styrene,C=CC1=CC=CC=C1,p,"Ensign et al., 1993"
Bromobenzene,C1=CC=C(C=C1)Br,p,"Ensign et al., 1993"
Iodobenzene,C1=CC=C(C=C1)I,p,"Ensign et al., 1993"
"1,2-Dichlorobenzene",C1=CC=C(C(=C1)Cl)Cl,p,"Ensign et al., 1993"
Nitrobenzene,C1=CC=C(C=C1)[N+](=O)[O-],p,"Ensign et al., 1993"
Acetophenone,CC(=O)C1=CC=CC=C1,p,"Ensign et al., 1993"
Benzylalcohol,C1=CC=C(C=C1)CO,p,"Ensign et al., 1993"
p-Methylbenzyl alcohol,CC1=CC=C(C=C1)CO,p,"Ensign et al., 1993"
guanylthiourea,C(=NC(=S)N)(N)N,p,"Hauck, 1980 "
dithiocarbamate,C(=S)(N)[S-],p,"Hauck, 1980 "
dimethyl disulfide,CSSC,p,"Bremner and Bundy, 1974"
acetylene monocarboxylic acid,C#CC(=O)[O-],n,"McCarty, 1999 "
2-butynoic acid,CC#CC(=O)O,n,"McCarty, 1999 "
Benzimidazole,C1=CC=C2C(=C1)NC=N2,n,"McCarty, 1999 "
Imidazole,C1=CN=CN1,n,"McCarty, 1999 "
Pyrrole,C1=CNC=C1,n,"McCarty, 1999 "
Pyrimidine,C1=CN=CN=C1,n,"McCarty, 1999 "
s-Triazine,C1=NC=NC=N1,n,"McCarty, 1999 "
Pyridine,C1=CC=NC=C1,n,"McCarty, 1999 "
Indole,C1=CC=C2C(=C1)C=CN2,n,"McCarty, 1999 "
Alloxydim,CCCC(=NOCC=C)C1=C(C(C(CC1=O)(C)C)C(=O)OC)O,n,"Pell et al., 1998"
Bentazone,CC(C)N1C(=O)C2=CC=CC=C2NS1(=O)=O,n,"Pell et al., 1998"
Bromacil,CCC(C)N1C(=O)C(=C(NC1=O)C)Br,n,"Pell et al., 1998"
Chlorbromuron,CN(C(=O)NC1=CC(=C(C=C1)Br)Cl)OC,n,"Pell et al., 1998"
Dalapon-Na,CC(C(=O)[O-])(Cl)Cl,n,"Pell et al., 1998"
"2,4-D",C1=CC(=C(C=C1Cl)Cl)OCC(=O)O,n,"Pell et al., 1998"
"2,4-DB",C1=CC(=C(C=C1Cl)Cl)OCCCC(=O)O,p,"Pell et al., 1998"
"2,4-DP",CC(C(=O)O)OC1=C(C=C(C=C1)Cl)Cl,n,"Pell et al., 1998"
Diuron,CN(C)C(=O)NC1=CC(=C(C=C1)Cl)Cl,n,"Pell et al., 1998"
Glyphosate iso-propylamid,C(C(=O)O)NCP(=O)(O)O,n,"Pell et al., 1998"
Hexazinone,CN1C(=NC(=O)N(C1=O)C2CCCCC2)N(C)C,n,"Pell et al., 1998"
Imazapyr,CC(C)C1(C(=O)NC(=N1)C2=C(C=CC=N2)C(=O)O)C,n,"Pell et al., 1998"
Ioxynil,C1=C(C=C(C(=C1I)O)I)C#N,p,"Pell et al., 1998"
Lenacil,C1CCC(CC1)N2C(=O)C3=C(CCC3)NC2=O,n,"Pell et al., 1998"
Linuron,CN(C(=O)NC1=CC(=C(C=C1)Cl)Cl)OC,n,"Pell et al., 1998"
MCPA,CC1=C(C=CC(=C1)Cl)OCC(=O)O,n,"Pell et al., 1998"
Benomyl,CCCCNC(=O)N1C2=CC=CC=C2N=C1NC(=O)OC,n,"Pell et al., 1998"
Carbendazim,COC(=O)NC1=NC2=CC=CC=C2N1,n,"Pell et al., 1998"
Iprodione,CC(C)NC(=O)N1CC(=O)N(C1=O)C2=CC(=CC(=C2)Cl)Cl,n,"Pell et al., 1998"
Maneb,C(CNC(=S)[S-])NC(=S)[S-].[Mn+2],p,"Pell et al., 1998"
Aldrin,C1C2C=CC1C3C2C4(C(=C(C3(C4(Cl)Cl)Cl)Cl)Cl)Cl,n,"Pell et al., 1998"
Cyromazine,C1CC1NC2=NC(=NC(=N2)N)N,n,"Pell et al., 1998"
Fenvalerate,CC(C)C(C1=CC=C(C=C1)Cl)C(=O)OC(C#N)C2=CC(=CC=C2)OC3=CC=CC=C3,n,"Pell et al., 1998"
MCPB,CC1=C(C=CC(=C1)Cl)OCCCC(=O)O,n,"Pell et al., 1998"
MCPP,C1CN(CCN1CC2=C(C(=C(C(=C2F)F)F)F)F)C3=CC(=CC=C3)Cl,n,"Pell et al., 1998"
Metobromuron,CN(C(=O)NC1=CC=C(C=C1)Br)OC,n,"Pell et al., 1998"
Metribuzin,CC(C)(C)C1=NN=C(N(C1=O)N)SC,n,"Pell et al., 1998"
Napropamide,CCN(CC)C(=O)C(C)OC1=CC=CC2=CC=CC=C21,n,"Pell et al., 1998"
Picloram,C1(=C(C(=NC(=C1Cl)Cl)C(=O)O)Cl)N,n,"Pell et al., 1998"
Propyzamide,CC(C)(C#C)NC(=O)C1=CC(=CC(=C1)Cl)Cl,n,"Pell et al., 1998"
Simazine,CCNC1=NC(=NC(=N1)Cl)NCC,n,"Pell et al., 1998"
TBA,C1=CC(=C(C(=C1Cl)C(=O)O)Cl)Cl,n,"Pell et al., 1998"
TCA,C(=O)(C(Cl)(Cl)Cl)O,n,"Pell et al., 1998"
"2,4,5-T",C1=C(C(=CC(=C1Cl)Cl)Cl)OCC(=O)O,n,"Pell et al., 1998"
Terbuthylazine,CCNC1=NC(=NC(=N1)Cl)NC(C)(C)C,n,"Pell et al., 1998"
Terbutryn,CCNC1=NC(=NC(=N1)SC)NC(C)(C)C,n,"Pell et al., 1998"
Tri-allat,CC(C)N(C(C)C)C(=O)SCC(=C(Cl)Cl)Cl,n,"Pell et al., 1998"
Triclopyr,C1=C(C(=NC(=C1Cl)Cl)OCC(=O)O)Cl,n,"Pell et al., 1998"
Trifluralin,CCCN(CCC)C1=C(C=C(C=C1[N+](=O)[O-])C(F)(F)F)[N+](=O)[O-],n,"Pell et al., 1998"
Thiophanate-methyl,COC(=O)NC(=S)NC1=CC=CC=C1NC(=S)NC(=O)OC,n,"Pell et al., 1998"
Triadimefon,CC(C)(C)C(=O)C(N1C=NC=N1)OC2=CC=C(C=C2)Cl,n,"Pell et al., 1998"
Triadimenol,CC(C)(C)C(C(N1C=NC=N1)OC2=CC=C(C=C2)Cl)O,n,"Pell et al., 1998"
Vinclozolin,CC1(C(=O)N(C(=O)O1)C2=CC(=CC(=C2)Cl)Cl)C=C,n,"Pell et al., 1998"
Heptachlor,C1=CC(C2C1C3(C(=C(C2(C3(Cl)Cl)Cl)Cl)Cl)Cl)Cl,n,"Pell et al., 1998"
Permethrin,CC1(C(C1C(=O)OCC2=CC(=CC=C2)OC3=CC=CC=C3)C=C(Cl)Cl)C,n,"Pell et al., 1998"
Linoleic acid,CCCCCC=CCC=CCCCCCCCC(=O)O,p,"Subbarao et al., 2008 "
α-Linolenic acid ,CCC=CCC=CCC=CCCCCCCCC(=O)O,p,"Subbarao et al., 2008 "
Methyl p-coumarate ,COC(=O)C=CC1=CC=C(C=C1)O,p,"Gopalakrishnan et al., 2007 "
Methyl ferulate ,COC1=C(C=CC(=C1)C=CC(=O)OC)O,p,"Gopalakrishnan et al., 2007 "
Methyl 3-(4-hydroxyphenyl) propionate ,COC(=O)CCC1=CC=C(C=C1)O,p,"Zakir et al., 2008 "
Karanjin ,COC1=C(OC2=C(C1=O)C=CC3=C2C=CO3)C4=CC=CC=C4,p,"Sahrawat, 1981"
trazine-2,C1(C)N=C(C(Cl)(Cl)Cl)N=C(C(Cl)(Cl)Cl)N=1,p,"Takahashi et al., 1997"
trazine-3,C1(CCCC)N=C(C(Cl)(Cl)Cl)N=C(C(Cl)(Cl)Cl)N=1,p,"Takahashi et al., 1997"
trazine-6,C1(NC)N=C(C(Cl)(Cl)Cl)N=C(C(Cl)(Cl)Cl)N=1,p,"Takahashi et al., 1997"
trazine-7,C1(NCC)N=C(C(Cl)(Cl)Cl)N=C(C(Cl)(Cl)Cl)N=1,p,"Takahashi et al., 1997"
trazine-8,C1(NCCC)N=C(C(Cl)(Cl)Cl)N=C(C(Cl)(Cl)Cl)N=1,p,"Takahashi et al., 1997"
trazine-9,C1(NCCCC)N=C(C(Cl)(Cl)Cl)N=C(C(Cl)(Cl)Cl)N=1,p,"Takahashi et al., 1997"
trazine-12,C1(NCCCCCCCCCC)N=C(C(Cl)(Cl)Cl)N=C(C(Cl)(Cl)Cl)N=1,p,"Takahashi et al., 1997"
trazine-13,C1(NCCCCCCCCCCCC)N=C(C(Cl)(Cl)Cl)N=C(C(Cl)(Cl)Cl)N=1,p,"Takahashi et al., 1997"
trazine-14,C1(NCCCCCCCCCCCCCCCC)N=C(C(Cl)(Cl)Cl)N=C(C(Cl)(Cl)Cl)N=1,n,"Takahashi et al., 1997"
trazine-17,C1(OC)N=C(C(Cl)(Cl)Cl)N=C(C(Cl)(Cl)Cl)N=1,p,"Takahashi et al., 1997"
trazine-18,C1(OCC)N=C(C(Cl)(Cl)Cl)N=C(C(Cl)(Cl)Cl)N=1,p,"Takahashi et al., 1997"
trazine-20,C1(SC)N=C(C(Cl)(Cl)Cl)N=C(C(Cl)(Cl)Cl)N=1,p,"Takahashi et al., 1997"
trazine-22,C1(NCCC)N=C(C(Cl)(Cl)Cl)N=C(C)N=1,p,"Takahashi et al., 1997"
trazine-23,C1(NCCCC)N=C(C(Cl)(Cl)Cl)N=C(C)N=1,p,"Takahashi et al., 1997"
trazine-24,C1(NCCCCC)N=C(C(Cl)(Cl)Cl)N=C(C)N=1,p,"Takahashi et al., 1997"
trazine-27,C1(NCCCCCCCCC)N=C(C(Cl)(Cl)Cl)N=C(C)N=1,n,"Takahashi et al., 1997"
trazine-28,C1(NCCCCCCCCCC)N=C(C(Cl)(Cl)Cl)N=C(C)N=1,n,"Takahashi et al., 1997"
trazine-29,C1(NCCCCCCCCCCCC)N=C(C(Cl)(Cl)Cl)N=C(C)N=1,n,"Takahashi et al., 1997"
trazine-30,C1(NCCCCCCCCCCCCCCCC)N=C(C(Cl)(Cl)Cl)N=C(C)N=1,n,"Takahashi et al., 1997"
trazine-32,C1(N(C)CCCC)N=C(C(Cl)(Cl)Cl)N=C(C)N=1,p,"Takahashi et al., 1997"
trazine-33,C1(N(CC)CCCC)N=C(C(Cl)(Cl)Cl)N=C(C)N=1,p,"Takahashi et al., 1997"
trazine-34,C1(N(CCCC)CCCC)N=C(C(Cl)(Cl)Cl)N=C(C)N=1,p,"Takahashi et al., 1997"
trazine-38,C1(N)N=C(C(Cl)(Cl)Cl)N=C(CCCC)N=1,p,"Takahashi et al., 1997"
trazine-39,C1(N)N=C(C(Cl)(Cl)Cl)N=C(C2=CC=CC=C2)N=1,p,"Takahashi et al., 1997"
trazine-40,C1(NC)N=C(C(Cl)(Cl)Cl)N=C(C2=CC=CC=C2)N=1,p,"Takahashi et al., 1997"
trazine-41,C1(NCC)N=C(C(Cl)(Cl)Cl)N=C(C2=CC=CC=C2)N=1,p,"Takahashi et al., 1997"
trazine-42,C1(NCCC)N=C(C(Cl)(Cl)Cl)N=C(C2=CC=CC=C2)N=1,p,"Takahashi et al., 1997"
trazine-44,C1(OC)N=C(C(Cl)(Cl)Cl)N=C(C2=CC=CC=C2)N=1,p,"Takahashi et al., 1997"
trazine-46,C1(OCCC)N=C(C(Cl)(Cl)Cl)N=C(C2=CC=CC=C2)N=1,p,"Takahashi et al., 1997"
trazine-47,C1(N)N=C(C(Cl)(Cl)Cl)N=C(N)N=1,p,"Takahashi et al., 1997"
trazine-48,C1(OC)N=C(C(Cl)(Cl)Cl)N=C(N)N=1,p,"Takahashi et al., 1997"
trazine-49,C1(OC)N=C(C(Cl)(Cl)Cl)N=C(NCC)N=1,p,"Takahashi et al., 1997"
trazine-51,C1(OCC)N=C(C(Cl)(Cl)Cl)N=C(SC)N=1,p,"Takahashi et al., 1997"
trazine-52,C1(OCCC)N=C(C(Cl)(Cl)Cl)N=C(SC)N=1,p,"Takahashi et al., 1997"
prosulfuron,CC1=NC(=NC(=N1)OC)NC(=O)NS(=O)(=O)C2=CC=CC=C2CCC(F)(F)F,p,"Arora et al., 2003"
chlorothalonil,C(#N)C1=C(C(=C(C(=C1Cl)Cl)Cl)C#N)Cl,p,"Lang and Cai, 2009"
"2,6-dihydro-2,2,4-trimethyl- 6-quinone imine (QI)",CC1=CC(N=C2C1=CC(=O)C=C2)(C)C,p,"Papadopoulou et al., 2020"
"2,4-dimethyl-6-ethoxy-quinoline (EQNL) ",CCOC1=CC2=C(C=C1)N=C(C=C2C)C,p,"Papadopoulou et al., 2020"
Ethoxyquin (EQ) ,CCOC1=CC2=C(C=C1)NC(C=C2C)(C)C,p,"Papadopoulou et al., 2020"
Chlorpyrifos,CCOP(=S)(OCC)OC1=NC(=C(C=C1Cl)Cl)Cl,p,"Lu et at., 2020"
AMPA,CC1=C(C(=O)NO1)CC(C(=O)O)N,n,"Pell et al., 1998"
Metsulfuron-methyl,CC1=NC(=NC(=N1)OC)NC(=O)NS(=O)(=O)C2=CC=CC=C2C(=O)OC,p,"El-Ghamry, A. M., et al., 2002"
Pyraclostrobin,COC(=O)N(C1=CC=CC=C1COC2=NN(C=C2)C3=CC=C(C=C3)Cl)OC,p,"Subbarao et al., 2006"
"3,5 DCA",C1=C(C=C(C=C1Cl)Cl)N,p,"Vasileiadis et al., 2018"
salicylaldoxime ,C1=CC=C(C(=C1)C=NO)O,p,"Hooper and Terry, 1973 "
allylsulfide ,CC1=NC2=C(C=C1)C(=CC=C2)Cl,p,"Hyman et al., 1988 "
Nitrapyrin,C1=CC(=NC(=C1)Cl)C(Cl)(Cl)Cl,p,"Powell and Prosser, 1986 "
"O,O-Diethyl thiophosphate",CCOP(=S)([O-])OCC,n,in vitro tests
2-Methyl-4-amino-6-methoxy-s-triazine,CC1=NC(=NC(=N1)OC)N,n,in vitro tests
Saccharin,C1=CC=C2C(=C1)C(=O)NS2(=O)=O,n,in vitro tests
"Benzoic acid, 2-(aminosulfonyl) - methyl ester",COC(=O)C1=CC=CC=C1S(=O)(=O)N,n,in vitro tests